/*INSERT INTO `authors` (`id`, `name`, `created_at`, `updated_at`, `deleted_at`) VALUES
(1, 'Bogan Britney', '2022-02-14 22:27:13', '2022-02-14 22:27:13', NULL),
(2, 'Conn Ardith', '2022-02-14 22:27:13', '2022-02-14 22:27:13', NULL),
(3, 'Casper Sage', '2022-02-14 22:27:13', '2022-02-14 22:27:13', NULL),
(4, 'Dibbert Hailie', '2022-02-14 22:27:13', '2022-02-14 22:27:13', NULL),
(5, 'Kassulke Dion', '2022-02-14 22:27:13', '2022-02-14 22:27:13', NULL),
(6, 'Bruen Rafael', '2022-02-14 22:27:13', '2022-02-14 22:27:13', NULL),
(7, 'Cummerata Daisy', '2022-02-14 22:27:13', '2022-02-14 22:27:13', NULL),
(8, 'Dare Oliver', '2022-02-14 22:27:14', '2022-02-14 22:27:14', NULL),
(9, 'Hudson Dayton', '2022-02-14 22:27:14', '2022-02-14 22:27:14', NULL),
(10, 'Carter Lenny', '2022-02-14 22:27:14', '2022-02-14 22:27:14', NULL),
(11, 'Rogahn Ciara', '2022-02-14 22:27:14', '2022-02-14 22:27:14', NULL),
(12, 'Wisoky Muriel', '2022-02-14 22:27:14', '2022-02-14 22:27:14', NULL),
(13, 'Larson Kaden', '2022-02-14 22:27:14', '2022-02-14 22:27:14', NULL),
(14, 'Koch Kendall', '2022-02-14 22:27:14', '2022-02-14 22:27:14', NULL),
(15, 'Brekke Salma', '2022-02-14 22:27:14', '2022-02-14 22:27:14', NULL),
(16, 'Lehner Maryjane', '2022-02-14 22:27:14', '2022-02-14 22:27:14', NULL),
(17, 'Walker Caleigh', '2022-02-14 22:27:14', '2022-02-14 22:27:14', NULL),
(18, 'Daugherty Sheldon', '2022-02-14 22:27:14', '2022-02-14 22:27:14', NULL),
(19, 'Considine Cody', '2022-02-14 22:27:14', '2022-02-14 22:27:14', NULL),
(20, 'Waters Marie', '2022-02-14 22:27:14', '2022-02-14 22:27:14', NULL),
(21, 'Schoen Janelle', '2022-02-14 22:27:14', '2022-02-14 22:27:14', NULL),
(22, 'Rutherford Mariana', '2022-02-14 22:27:14', '2022-02-14 22:27:14', NULL),
(23, 'Bartoletti Kiley', '2022-02-14 22:27:14', '2022-02-14 22:27:14', NULL),
(24, 'Kutch Kiel', '2022-02-14 22:27:14', '2022-02-14 22:27:14', NULL),
(25, 'Kreiger Abelardo', '2022-02-14 22:27:14', '2022-02-14 22:27:14', NULL),
(26, 'Kunde Deonte', '2022-02-14 22:27:14', '2022-02-14 22:27:14', NULL),
(27, 'Hayes Immanuel', '2022-02-14 22:27:14', '2022-02-14 22:27:14', NULL),
(28, 'Witting Verda', '2022-02-14 22:27:14', '2022-02-14 22:27:14', NULL),
(29, 'Rohan Elaina', '2022-02-14 22:27:14', '2022-02-14 22:27:14', NULL),
(30, 'Hyatt Jannie', '2022-02-14 22:27:14', '2022-02-14 22:27:14', NULL),
(31, 'Cartwright Eldon', '2022-02-14 22:27:14', '2022-02-14 22:27:14', NULL),
(32, 'Mosciski Aubree', '2022-02-14 22:27:14', '2022-02-14 22:27:14', NULL),
(33, 'Koelpin Ara', '2022-02-14 22:27:14', '2022-02-14 22:27:14', NULL),
(34, 'Crona Randal', '2022-02-14 22:27:14', '2022-02-14 22:27:14', NULL),
(35, 'Block Wellington', '2022-02-14 22:27:14', '2022-02-14 22:27:14', NULL),
(36, 'Harris Emmanuelle', '2022-02-14 22:27:14', '2022-02-14 22:27:14', NULL),
(37, 'Streich Zelma', '2022-02-14 22:27:14', '2022-02-14 22:27:14', NULL),
(38, 'Price Lucio', '2022-02-14 22:27:14', '2022-02-14 22:27:14', NULL),
(39, 'Cummings Enrique', '2022-02-14 22:27:14', '2022-02-14 22:27:14', NULL),
(40, 'Mueller Cassandre', '2022-02-14 22:27:14', '2022-02-14 22:27:14', NULL);*/


/*INSERT INTO `publishers` (`id`, `name`, `created_at`, `updated_at`, `deleted_at`) VALUES
(1, 'Miss Alena Zulauf', '2022-02-14 22:27:12', '2022-02-14 22:27:12', NULL),
(2, 'Dawn Mosciski', '2022-02-14 22:27:12', '2022-02-14 22:27:12', NULL),
(3, 'Fred Cremin II', '2022-02-14 22:27:12', '2022-02-14 22:27:12', NULL),
(4, 'Bette Medhurst', '2022-02-14 22:27:13', '2022-02-14 22:27:13', NULL),
(5, 'Sterling Emmerich', '2022-02-14 22:27:13', '2022-02-14 22:27:13', NULL),
(6, 'Myrl Reichert', '2022-02-14 22:27:13', '2022-02-14 22:27:13', NULL),
(7, 'Tania Purdy', '2022-02-14 22:27:13', '2022-02-14 22:27:13', NULL),
(8, 'Mr. Green DuBuque II', '2022-02-14 22:27:13', '2022-02-14 22:27:13', NULL),
(9, 'Berniece Wisozk', '2022-02-14 22:27:13', '2022-02-14 22:27:13', NULL),
(10, 'Kristofer Weissnat PhD', '2022-02-14 22:27:13', '2022-02-14 22:27:13', NULL);*/

/*INSERT INTO `books` (`id`, `title`, `description`, `publisher_id`, `created_at`, `updated_at`, `deleted_at`) VALUES
(1, 'Tempora.', 'Perferendis quidem consequatur architecto adipisci rerum porro modi. Voluptates dolorum rem sed explicabo voluptas aut harum. Dolores quos et rerum quasi ratione iusto tempore voluptatem.', 5, '2022-02-14 22:27:13', '2022-02-14 22:27:13', NULL),
(2, 'Eveniet.', 'Modi praesentium fuga odit saepe sint voluptates eos. Dolor quibusdam quod id atque. Praesentium quisquam et aut autem voluptatem consequatur ea.', 5, '2022-02-14 22:27:13', '2022-02-14 22:27:13', NULL),
(3, 'Quod in.', 'In eveniet aut modi. Rerum inventore quia quam non sit. Laudantium et reprehenderit non fuga nam. Explicabo repellendus ut ab quibusdam sunt voluptates facere. Odit qui sit id et ut.', 4, '2022-02-14 22:27:13', '2022-02-14 22:27:13', NULL),
(4, 'Minus.', 'Modi aut rem sed ipsam et. Commodi ullam non possimus rem cumque illum similique. Debitis quod fugiat id.', 5, '2022-02-14 22:27:13', '2022-02-14 22:27:13', NULL),
(5, 'Illum ut.', 'Et pariatur asperiores nihil minus necessitatibus sit ut. Aliquid eius accusamus error veritatis qui. Eveniet pariatur quod vel vitae quas. Voluptates unde esse dicta sint qui cupiditate omnis.', 9, '2022-02-14 22:27:13', '2022-02-14 22:27:13', NULL),
(6, 'Occaecati.', 'Ducimus aut veniam eligendi omnis aut repellat. Saepe consequatur tenetur facilis voluptatem.', 6, '2022-02-14 22:27:13', '2022-02-14 22:27:13', NULL),
(7, 'Maiores.', 'Tempore unde numquam voluptatem velit quibusdam. Ratione nostrum neque ut voluptate enim omnis suscipit possimus.', 8, '2022-02-14 22:27:13', '2022-02-14 22:27:13', NULL),
(8, 'Minima.', 'Maiores eligendi voluptatum officiis perferendis. Magnam qui dolorem dignissimos debitis. Est qui provident molestiae similique deleniti nostrum qui. Dolor sed maxime ut quia numquam non ut.', 5, '2022-02-14 22:27:13', '2022-02-14 22:27:13', NULL),
(9, 'Alias.', 'Sit iusto nobis non facere amet tempore. Soluta expedita commodi rerum tenetur reiciendis et deleniti. Sed maiores fugit modi provident assumenda aut. Beatae adipisci culpa enim eos aut.', 9, '2022-02-14 22:27:13', '2022-02-14 22:27:13', NULL),
(10, 'Atque sed.', 'Aut molestias explicabo est non. Quo ut ut odio commodi eos. Molestias enim praesentium id voluptatem. Vel eos odit sit voluptatem. Voluptate quia autem nihil et explicabo.', 3, '2022-02-14 22:27:13', '2022-02-14 22:27:13', NULL),
(11, 'Error.', 'Adipisci excepturi quod voluptatibus tempora est neque. Nostrum non consequatur molestiae quia architecto voluptatibus. Doloribus autem in sunt ab commodi laboriosam.', 6, '2022-02-14 22:27:13', '2022-02-14 22:27:13', NULL),
(12, 'Et.', 'Ad dolor quasi voluptatibus eaque provident. Veritatis recusandae et nihil consequatur assumenda. Incidunt suscipit nostrum sit non natus sint.', 4, '2022-02-14 22:27:13', '2022-02-14 22:27:13', NULL),
(13, 'Adipisci.', 'Velit illo ut est ut. Amet fugit ut odio cum. Nostrum corporis id veritatis voluptatem porro et. Velit ipsa dolores delectus consectetur quibusdam.', 6, '2022-02-14 22:27:13', '2022-02-14 22:27:13', NULL),
(14, 'Non fugit.', 'Consequatur eos alias ipsam quia reiciendis aut. Qui nulla dolores voluptas dolores totam vero.', 1, '2022-02-14 22:27:13', '2022-02-14 22:27:13', NULL),
(15, 'Molestias.', 'Porro ab veniam velit velit ex rerum. Et a quod occaecati alias iusto. Voluptas nulla doloremque animi.', 1, '2022-02-14 22:27:13', '2022-02-14 22:27:13', NULL),
(16, 'Nihil.', 'Quae dolor atque perspiciatis. Libero deserunt tenetur rerum vero voluptatum. Iure est quae tenetur est quia est. Possimus dolor est commodi tempore nam.', 4, '2022-02-14 22:27:13', '2022-02-14 22:27:13', NULL),
(17, 'Libero.', 'Est quas sed voluptatibus eveniet tenetur qui itaque ab. Quia praesentium recusandae dolorem tenetur pariatur. Ipsum eum deserunt aut suscipit at. Sint veritatis voluptate quam quo numquam occaecati.', 4, '2022-02-14 22:27:13', '2022-02-14 22:27:13', NULL),
(18, 'Nihil.', 'Illum itaque exercitationem vel omnis vitae. Quod harum nesciunt ullam eligendi. Sint sit consequatur debitis eaque.', 7, '2022-02-14 22:27:13', '2022-02-14 22:27:13', NULL),
(19, 'Corrupti.', 'Corrupti provident pariatur voluptate facilis. Quo ut minus praesentium reprehenderit harum nulla libero aut. Ea voluptatem cupiditate necessitatibus. Quis neque quidem doloremque labore enim.', 9, '2022-02-14 22:27:13', '2022-02-14 22:27:13', NULL),
(20, 'Qui.', 'Quia vitae ex ut incidunt tenetur dolores. Natus ut aperiam iste delectus dolores et. Et perferendis qui officia ut eligendi eveniet sit.', 3, '2022-02-14 22:27:13', '2022-02-14 22:27:13', NULL),
(21, 'Quos at.', 'Accusamus iure dolor iusto. Natus corrupti dolore ea. Ut nesciunt et ut explicabo ratione.', 1, '2022-02-14 22:27:13', '2022-02-14 22:27:13', NULL),
(22, 'Saepe.', 'Nam enim et pariatur. Est eum odio enim expedita fuga vel. Est ad consequuntur provident sed possimus.', 7, '2022-02-14 22:27:13', '2022-02-14 22:27:13', NULL),
(23, 'Ullam.', 'Minus et nihil veritatis omnis sit. Ut dolorum enim eum exercitationem quia nemo. Voluptas maxime vel beatae et dicta sed quod velit. Unde temporibus velit repudiandae voluptatem ipsa.', 2, '2022-02-14 22:27:13', '2022-02-14 22:27:13', NULL),
(24, 'Eveniet.', 'Dolorum saepe beatae aut qui ut nihil. Velit voluptas facilis quam ratione aliquam ipsam. Nesciunt mollitia dignissimos deserunt blanditiis. Ipsa saepe qui quae earum.', 6, '2022-02-14 22:27:13', '2022-02-14 22:27:13', NULL),
(25, 'Magni.', 'Perspiciatis voluptatem ratione dicta nihil cumque. Ab aperiam quo velit rem ex ad et. Distinctio aut assumenda ut et.', 9, '2022-02-14 22:27:13', '2022-02-14 22:27:13', NULL),
(26, 'Illum.', 'Nihil placeat tenetur aspernatur officia harum nihil et. A at beatae nesciunt quia voluptatem. Eaque perspiciatis quidem unde iusto est.', 8, '2022-02-14 22:27:13', '2022-02-14 22:27:13', NULL),
(27, 'Est dolor.', 'Porro aperiam consequatur laudantium quo. Modi dolorem et quasi aut aut.', 2, '2022-02-14 22:27:13', '2022-02-14 22:27:13', NULL),
(28, 'Odio.', 'Quos sed inventore in modi. Quis repudiandae aut culpa cumque.', 8, '2022-02-14 22:27:13', '2022-02-14 22:27:13', NULL),
(29, 'Placeat.', 'Alias error veritatis ut distinctio aliquid fugit aut. Ut dignissimos qui tenetur atque possimus possimus facere rerum. Voluptas qui accusantium nobis. Alias non ut ut maiores.', 1, '2022-02-14 22:27:13', '2022-02-14 22:27:13', NULL),
(30, 'Nisi.', 'Tenetur molestiae asperiores placeat autem aut veritatis minima. Quo a dolor rerum. Qui delectus officia dolores neque praesentium eum magnam fugiat.', 8, '2022-02-14 22:27:13', '2022-02-14 22:27:13', NULL),
(31, 'Omnis.', 'Reiciendis voluptas et eos doloremque. Officiis minus sit quae eaque enim rerum autem. Ut dolorem non voluptatem qui. Quis non sed illo sequi qui et doloremque.', 1, '2022-02-14 22:27:13', '2022-02-14 22:27:13', NULL),
(32, 'Dicta.', 'Perferendis voluptates aliquid quas aut hic est vel. Est consequatur aliquid consequatur quibusdam ea vel.', 3, '2022-02-14 22:27:13', '2022-02-14 22:27:13', NULL),
(33, 'At.', 'Quae laudantium laudantium consectetur reprehenderit deleniti magnam. Perspiciatis incidunt dignissimos pariatur. Nulla esse facilis dolore itaque.', 5, '2022-02-14 22:27:13', '2022-02-14 22:27:13', NULL),
(34, 'Dolores.', 'Voluptatem quidem et porro aut ea tenetur dolorum. Non distinctio minima vel mollitia aspernatur debitis error. Architecto porro omnis corrupti in.', 9, '2022-02-14 22:27:13', '2022-02-14 22:27:13', NULL),
(35, 'Sed cum.', 'Totam a ex laudantium corporis. Et iste voluptatibus aliquam in et praesentium. Repellendus consequuntur sapiente accusamus deleniti aut eum. Ut accusantium quae nihil eos exercitationem repellendus.', 9, '2022-02-14 22:27:13', '2022-02-14 22:27:13', NULL),
(36, 'Totam.', 'Vero qui aut quia. Consequatur harum est dolorum laboriosam. Pariatur aut natus est libero debitis doloremque voluptate. Nisi asperiores voluptates exercitationem cupiditate quaerat.', 3, '2022-02-14 22:27:13', '2022-02-14 22:27:13', NULL),
(37, 'Atque et.', 'Et facere sint beatae quas inventore velit. Harum placeat id laborum. Harum magnam sed ea quidem dicta alias maxime.', 6, '2022-02-14 22:27:13', '2022-02-14 22:27:13', NULL),
(38, 'Nemo qui.', 'Perferendis reiciendis est animi et possimus nemo. Blanditiis est eius est qui facere. Aliquid est modi nam pariatur maxime minus. Libero consequatur qui vel qui ut consectetur consequatur.', 6, '2022-02-14 22:27:13', '2022-02-14 22:27:13', NULL),
(39, 'Rerum et.', 'Quia ut amet assumenda voluptas libero in. Tempora qui consequatur ut quidem sequi ipsum placeat. Sit iure aliquam debitis velit.', 2, '2022-02-14 22:27:13', '2022-02-14 22:27:13', NULL),
(40, 'Facilis.', 'Atque et aut illo quis quis veniam. Explicabo suscipit nulla provident non ut praesentium. Laborum in nobis quia veritatis.', 6, '2022-02-14 22:27:13', '2022-02-14 22:27:13', NULL),
(41, 'Et.', 'Laboriosam possimus et rerum vel. Praesentium explicabo quos fugiat eos natus inventore. Qui minima laudantium omnis pariatur qui.', 7, '2022-02-14 22:27:13', '2022-02-14 22:27:13', NULL),
(42, 'Illo.', 'Sit at non qui aut. Itaque id culpa nostrum at ut et. Aut vel odio cumque dolorem non ab possimus dolores. Et ducimus non dolorem numquam perferendis commodi consequuntur.', 3, '2022-02-14 22:27:13', '2022-02-14 22:27:13', NULL),
(43, 'Qui aut.', 'Numquam et et qui dolore quaerat nisi ducimus ullam. Aut et rerum deserunt officiis.', 4, '2022-02-14 22:27:13', '2022-02-14 22:27:13', NULL),
(44, 'Molestias.', 'Eveniet corrupti consequuntur placeat quia. Aliquid ea omnis ullam quidem consequatur cumque nostrum. Maxime corrupti dignissimos velit est ut.', 4, '2022-02-14 22:27:13', '2022-02-14 22:27:13', NULL),
(45, 'Autem.', 'Dolorem unde autem facilis vel consequatur dolores quos. Animi necessitatibus iusto et qui saepe asperiores asperiores voluptas. Ut quae tempora blanditiis placeat facilis quis sunt.', 8, '2022-02-14 22:27:13', '2022-02-14 22:27:13', NULL),
(46, 'Repellat.', 'Qui ut consequatur et optio veritatis. Et dignissimos aperiam rerum eos eveniet corrupti.', 3, '2022-02-14 22:27:13', '2022-02-14 22:27:13', NULL),
(47, 'A sit.', 'Voluptas ipsum accusamus et et. Eum saepe quia aut cumque vitae. Molestiae et quia quis itaque vel. Temporibus mollitia itaque provident consequatur non blanditiis.', 4, '2022-02-14 22:27:13', '2022-02-14 22:27:13', NULL),
(48, 'Nemo quia.', 'Eius repellendus vel ut beatae natus consequatur rerum. Inventore ratione id voluptatem laudantium ullam ipsum. Vero quis non sit animi. Et voluptatem cumque eos.', 4, '2022-02-14 22:27:13', '2022-02-14 22:27:13', NULL),
(49, 'Expedita.', 'Maxime distinctio dolore nihil mollitia repellendus. Culpa libero eveniet perferendis repellat eos non aut. Voluptatem nulla alias ea.', 9, '2022-02-14 22:27:13', '2022-02-14 22:27:13', NULL),
(50, 'Officia.', 'Exercitationem dolor autem facilis. Expedita mollitia nam id necessitatibus vitae. Voluptas sapiente nostrum rem ut animi et.', 2, '2022-02-14 22:27:13', '2022-02-14 22:27:13', NULL),
(51, 'Odit.', 'Ut est consequatur omnis ex deserunt dolores. Voluptatem rerum nemo soluta expedita eum. Quidem et possimus est recusandae et architecto sit est.', 10, '2022-02-14 22:27:13', '2022-02-14 22:27:13', NULL),
(52, 'Ut.', 'Qui earum non nisi corporis non. Similique quam sed non architecto rem. Consequatur rerum neque explicabo in possimus aut ut aut.', 9, '2022-02-14 22:27:13', '2022-02-14 22:27:13', NULL),
(53, 'Quaerat.', 'Quam similique consequatur error. Neque autem voluptatum totam repellat consequuntur. Eos iure debitis unde qui. Et enim magnam quod cumque sapiente et laudantium.', 3, '2022-02-14 22:27:13', '2022-02-14 22:27:13', NULL),
(54, 'Nesciunt.', 'Placeat magni ut ipsum nulla et. Maiores voluptatum quas expedita et. Sed enim ut ex quasi. Harum voluptate aperiam et porro ex blanditiis.', 3, '2022-02-14 22:27:13', '2022-02-14 22:27:13', NULL),
(55, 'Quidem at.', 'Aspernatur sed non accusamus ipsum non porro aut. Quo veritatis est quia quod ut. Atque debitis consequatur tempora sunt quis voluptate officiis. Dolores ullam aut illo ipsum tempora repellendus.', 7, '2022-02-14 22:27:13', '2022-02-14 22:27:13', NULL),
(56, 'Et a unde.', 'Accusantium quia voluptatem voluptas voluptatum sit. Ut autem et quam aperiam consequatur. Ut assumenda iusto et.', 9, '2022-02-14 22:27:13', '2022-02-14 22:27:13', NULL),
(57, 'Eligendi.', 'Consequatur modi similique dignissimos. Quia sunt exercitationem repellat quam ducimus. Omnis suscipit aut eveniet repellendus animi iusto. Excepturi repudiandae veniam et in nisi molestias.', 3, '2022-02-14 22:27:13', '2022-02-14 22:27:13', NULL),
(58, 'Corporis.', 'Tempore consequatur culpa sed. Officiis aut non voluptates ut accusamus. A natus quos mollitia laborum dolorem fugiat. Sapiente assumenda blanditiis neque repellat cumque.', 10, '2022-02-14 22:27:13', '2022-02-14 22:27:13', NULL),
(59, 'Soluta.', 'Aut et veritatis labore omnis est vero ab sapiente. Quia velit similique maxime laudantium. Iste sint animi a earum perferendis provident in.', 9, '2022-02-14 22:27:13', '2022-02-14 22:27:13', NULL),
(60, 'Laborum.', 'Et autem vitae aut. Reprehenderit error numquam tempore eligendi. Inventore incidunt aut voluptatem omnis quia. Vitae sunt sint quisquam dolore vero commodi tempora.', 3, '2022-02-14 22:27:13', '2022-02-14 22:27:13', NULL),
(61, 'Quia.', 'At odit eum quia aut reiciendis. Eum animi ut autem voluptatibus ut. Explicabo a similique magnam vero vero minus. Laborum aut quidem vel non quia asperiores.', 6, '2022-02-14 22:27:13', '2022-02-14 22:27:13', NULL),
(62, 'Iure aut.', 'Debitis maiores sed et atque laborum in. Minima velit magnam cumque. Odit delectus et ullam explicabo possimus beatae molestiae et. Consectetur aliquam accusamus odio et facere ut rerum ut.', 6, '2022-02-14 22:27:13', '2022-02-14 22:27:13', NULL),
(63, 'Fuga.', 'Culpa voluptatem est nam cum. Facilis dolorem vel saepe dicta recusandae voluptate accusantium.', 1, '2022-02-14 22:27:13', '2022-02-14 22:27:13', NULL),
(64, 'Aliquid.', 'Distinctio ad in aliquid est impedit laborum voluptatem. Ad ipsa necessitatibus error voluptas alias repellendus. Minus iure commodi animi sit facilis cumque sed non.', 6, '2022-02-14 22:27:13', '2022-02-14 22:27:13', NULL),
(65, 'Neque.', 'Eligendi nam autem eum. Error blanditiis consequatur et officiis. Voluptatem labore distinctio ad neque at.', 4, '2022-02-14 22:27:13', '2022-02-14 22:27:13', NULL),
(66, 'Voluptate.', 'Laudantium est dolorum consequuntur maxime eos occaecati in. Sed reiciendis enim quaerat rerum laudantium. Eveniet tempore nulla molestiae qui assumenda consequatur.', 10, '2022-02-14 22:27:13', '2022-02-14 22:27:13', NULL),
(67, 'Et.', 'Quam minus hic fugiat. Eius dolor debitis et hic quidem. Minima quidem non in officia autem et sit dignissimos.', 9, '2022-02-14 22:27:13', '2022-02-14 22:27:13', NULL),
(68, 'Commodi.', 'Sit sed quis excepturi id est molestias consectetur. Neque veritatis nihil dolores qui. Sit quas dolorum culpa eligendi. Nulla aut eum unde inventore eum veritatis laboriosam pariatur.', 4, '2022-02-14 22:27:13', '2022-02-14 22:27:13', NULL),
(69, 'Libero.', 'Labore inventore nostrum nisi quia vel animi eveniet rerum. Facere consequuntur ducimus culpa et ipsum.', 3, '2022-02-14 22:27:13', '2022-02-14 22:27:13', NULL),
(70, 'Facere.', 'Eos id dignissimos amet. Maxime assumenda officia maxime fugit qui id vel.', 2, '2022-02-14 22:27:13', '2022-02-14 22:27:13', NULL),
(71, 'Quia.', 'Aut a dolorem reiciendis id id. Fugit esse at sit adipisci. Cum distinctio libero distinctio consequatur qui odit unde.', 8, '2022-02-14 22:27:13', '2022-02-14 22:27:13', NULL),
(72, 'Molestias.', 'Vel qui minus officiis rerum aspernatur tempore. Est quo est ipsa. Velit suscipit dolores aut blanditiis commodi magnam.', 9, '2022-02-14 22:27:13', '2022-02-14 22:27:13', NULL),
(73, 'Quia.', 'Et magni ipsa sit est. Praesentium veritatis earum ab ipsum dolorem. Deleniti maiores occaecati ut possimus consectetur accusamus.', 1, '2022-02-14 22:27:13', '2022-02-14 22:27:13', NULL),
(74, 'Est ipsa.', 'Impedit assumenda sed id sint ut id. Expedita est quaerat delectus officia. Minus esse quia minus tempore ut quis explicabo aliquid.', 2, '2022-02-14 22:27:13', '2022-02-14 22:27:13', NULL),
(75, 'Mollitia.', 'Deleniti voluptatibus minus consequatur adipisci. Est aliquam pariatur laboriosam veritatis aut distinctio. Vero amet enim voluptas et. Autem dolor ut odio doloribus.', 6, '2022-02-14 22:27:13', '2022-02-14 22:27:13', NULL),
(76, 'Facere.', 'Aspernatur aut omnis odio est natus. Temporibus et non voluptatem reprehenderit. Architecto omnis rerum error velit omnis voluptate. Eos itaque quas et.', 7, '2022-02-14 22:27:13', '2022-02-14 22:27:13', NULL),
(77, 'Porro.', 'Error ut voluptatibus doloribus odio fuga. Itaque voluptas dolore aut autem sed numquam. Quo debitis occaecati sed consequatur et.', 8, '2022-02-14 22:27:13', '2022-02-14 22:27:13', NULL),
(78, 'Delectus.', 'Hic commodi provident deserunt. Beatae repudiandae est magnam dicta quisquam tempora. Occaecati quo sunt qui ab delectus.', 1, '2022-02-14 22:27:13', '2022-02-14 22:27:13', NULL),
(79, 'Totam.', 'Et sint dicta maxime. Itaque voluptatibus et doloremque in voluptas eius ipsa hic. Consectetur commodi dolores dolores. Sed vitae voluptates officiis sequi quis rerum.', 4, '2022-02-14 22:27:13', '2022-02-14 22:27:13', NULL),
(80, 'Unde.', 'Dicta omnis non alias doloremque repellendus pariatur consequuntur et. Voluptas recusandae consequatur quos ipsam ex soluta. Fugit voluptatem et culpa odit perspiciatis.', 9, '2022-02-14 22:27:13', '2022-02-14 22:27:13', NULL),
(81, 'Omnis ut.', 'Vitae officiis quisquam expedita. Ab alias placeat quae iste. Quod quis corporis saepe est aut architecto culpa. Dolores iure et saepe ut. Sint est sed sint inventore id.', 2, '2022-02-14 22:27:13', '2022-02-14 22:27:13', NULL),
(82, 'Quaerat.', 'Quae et et reiciendis consequatur doloremque aut dolorem rerum. Architecto error laborum itaque sed porro et ipsam.', 9, '2022-02-14 22:27:13', '2022-02-14 22:27:13', NULL),
(83, 'Esse.', 'Qui ex facere pariatur quia rerum consequatur consequatur id. Soluta repudiandae ut sunt sit. Aut fugiat dignissimos maxime. Quasi sed doloribus dolorem aut nostrum saepe earum.', 4, '2022-02-14 22:27:13', '2022-02-14 22:27:13', NULL),
(84, 'Vel modi.', 'Vero corporis et dolor earum consequatur ut ea. Reprehenderit consequatur et sint amet blanditiis commodi. Dignissimos commodi nisi rerum sed ea atque.', 8, '2022-02-14 22:27:13', '2022-02-14 22:27:13', NULL),
(85, 'Et ab et.', 'Error porro ea temporibus veritatis iure sit illum. Temporibus nesciunt expedita veritatis assumenda. Excepturi sed odio non ea consequatur.', 8, '2022-02-14 22:27:13', '2022-02-14 22:27:13', NULL),
(86, 'Ea nihil.', 'Et qui porro error fugiat. Et illum possimus corrupti qui. Et dolores et ullam tenetur. Excepturi voluptas animi adipisci sapiente. Reiciendis sed provident fugit odio.', 5, '2022-02-14 22:27:13', '2022-02-14 22:27:13', NULL),
(87, 'Ipsum.', 'Sit et non eos in quos. Aut explicabo nihil non id corrupti expedita. Voluptates voluptas amet qui ut in. Voluptas necessitatibus omnis est quod est provident ad.', 3, '2022-02-14 22:27:13', '2022-02-14 22:27:13', NULL),
(88, 'Quo.', 'Sit quasi ut sapiente ut unde. Fuga amet aut ipsum et nihil molestiae esse. Et at voluptas quam eveniet. Qui ipsa non minima cumque porro. Consectetur itaque qui fuga incidunt impedit incidunt.', 5, '2022-02-14 22:27:13', '2022-02-14 22:27:13', NULL),
(89, 'Quia et.', 'Est est reiciendis et. Officia laudantium alias deserunt rerum soluta dolor. Non adipisci quo voluptas qui. Velit nostrum amet qui consequatur qui quidem et.', 5, '2022-02-14 22:27:13', '2022-02-14 22:27:13', NULL),
(90, 'Corrupti.', 'Quaerat enim et molestiae voluptas repellat. Aut nemo nihil fuga sit voluptatum. Voluptatum odit officiis quidem ut et tempora. Quia vero adipisci reiciendis in id facilis ipsam.', 10, '2022-02-14 22:27:13', '2022-02-14 22:27:13', NULL),
(91, 'Deleniti.', 'Iure delectus eos magnam rem. Est omnis aspernatur quia quibusdam. Qui magni repellat non enim dignissimos aut deleniti.', 5, '2022-02-14 22:27:13', '2022-02-14 22:27:13', NULL),
(92, 'Vitae cum.', 'Mollitia maiores illo occaecati ducimus. Eum aut et dolor et recusandae. Quaerat id culpa recusandae nostrum non.', 9, '2022-02-14 22:27:13', '2022-02-14 22:27:13', NULL),
(93, 'Labore.', 'Et ut laboriosam quia exercitationem perferendis. Vero harum ut dolore quod. Animi provident labore voluptas tenetur. Qui aut vitae velit ut voluptas voluptas.', 1, '2022-02-14 22:27:13', '2022-02-14 22:27:13', NULL),
(94, 'Quaerat.', 'Rerum dicta qui nihil alias dolor provident eveniet. Consequuntur unde quo dignissimos. Molestias eum quod et beatae aut repellendus minima adipisci. Qui quo vel distinctio voluptatem.', 6, '2022-02-14 22:27:13', '2022-02-14 22:27:13', NULL),
(95, 'Rerum.', 'Recusandae consequuntur pariatur tempora sunt voluptatibus qui dolore. Praesentium est sapiente quam ipsa expedita odio. Eos omnis consequatur doloribus aut ea omnis.', 9, '2022-02-14 22:27:13', '2022-02-14 22:27:13', NULL),
(96, 'Eius.', 'Quis sunt tempora tenetur est laudantium non. Vel autem praesentium necessitatibus omnis. Pariatur maiores voluptas rerum molestiae magni.', 3, '2022-02-14 22:27:13', '2022-02-14 22:27:13', NULL),
(97, 'Eum.', 'Sint non blanditiis sed sit a voluptas in. Doloremque et in non quam et. Veritatis perferendis quis magnam temporibus libero dicta.', 2, '2022-02-14 22:27:13', '2022-02-14 22:27:13', NULL),
(98, 'Nobis.', 'In ullam non voluptate beatae beatae. Sit nostrum laborum voluptas voluptatem laudantium molestias. Provident itaque exercitationem impedit eius aut qui error iste. Ratione aut quia et.', 10, '2022-02-14 22:27:13', '2022-02-14 22:27:13', NULL),
(99, 'Cumque.', 'Ipsam quibusdam maxime quidem et sint quas. Modi sit earum exercitationem sunt veniam sit enim facere. Corrupti a sequi in. Aut maxime inventore eligendi quis non.', 7, '2022-02-14 22:27:13', '2022-02-14 22:27:13', NULL),
(100, 'Et harum.', 'Eos minima non dicta. Laboriosam reiciendis quasi maiores. Autem ducimus excepturi dolore eum distinctio.', 7, '2022-02-14 22:27:13', '2022-02-14 22:27:13', NULL),
(101, 'Ut maxime.', 'Atque corporis qui ad hic magni dolor voluptatem. Facere culpa error omnis corrupti. Ab aut ut sed vel voluptates voluptatem voluptatibus. Rem saepe quo ea porro vero veniam est.', 8, '2022-02-14 22:27:13', '2022-02-14 22:27:13', NULL),
(102, 'Voluptas.', 'Vel ipsam ipsum officia possimus et quas. Sit ut ab ut sint. Qui eos ut fugit odit. Vitae amet aut fuga.', 4, '2022-02-14 22:27:13', '2022-02-14 22:27:13', NULL),
(103, 'Dolore.', 'Quo perspiciatis deserunt ex in. Aut ut est doloremque veniam in. Et earum laudantium quas dolores et sint dolores.', 9, '2022-02-14 22:27:13', '2022-02-14 22:27:13', NULL),
(104, 'Sit.', 'Et cumque impedit minima. Provident ut ut laudantium eveniet dicta. Aliquam quidem quia debitis et. Ut et provident nihil at et sit consequatur.', 3, '2022-02-14 22:27:13', '2022-02-14 22:27:13', NULL),
(105, 'Non.', 'Officiis aspernatur voluptate occaecati et maxime enim. Voluptatum omnis architecto in doloribus consectetur illo omnis. Aspernatur excepturi id sit. Et cupiditate officia dolorem totam consequatur.', 8, '2022-02-14 22:27:13', '2022-02-14 22:27:13', NULL),
(106, 'Odio est.', 'Similique dolorem minus reprehenderit fuga. In consequuntur dolorem autem expedita molestias nihil inventore. Ipsum veritatis modi non optio non aut.', 3, '2022-02-14 22:27:13', '2022-02-14 22:27:13', NULL),
(107, 'Quia.', 'Alias explicabo quia est rem. Dolor et est unde quo eum. Voluptates soluta expedita ut iure itaque cupiditate repellat. Et reprehenderit deserunt aspernatur aut et placeat quos velit.', 10, '2022-02-14 22:27:13', '2022-02-14 22:27:13', NULL),
(108, 'Voluptas.', 'Molestiae praesentium sed molestiae totam. Perspiciatis natus maiores sit est. Repellendus ut eligendi voluptatem et eum eos voluptatem.', 4, '2022-02-14 22:27:13', '2022-02-14 22:27:13', NULL),
(109, 'Quis est.', 'Quasi ea voluptas ad quasi voluptates ipsam. Provident est quaerat quo officiis. Error dolore ipsam et voluptatem amet.', 4, '2022-02-14 22:27:13', '2022-02-14 22:27:13', NULL),
(110, 'Iure.', 'Et amet cumque amet et ut et sit. Dolore sapiente sunt quasi officia non aut. Suscipit unde expedita aut tempore quia sint magnam minus.', 8, '2022-02-14 22:27:13', '2022-02-14 22:27:13', NULL),
(111, 'Iure qui.', 'Adipisci possimus voluptatibus eligendi pariatur dolorem ad doloribus. Beatae maxime qui illum incidunt. Sed non consequatur molestias nulla enim delectus sint.', 7, '2022-02-14 22:27:13', '2022-02-14 22:27:13', NULL),
(112, 'Ut.', 'Recusandae laborum sunt rerum quam ea numquam. Corrupti totam alias quo voluptas excepturi minus. Quas maiores beatae unde aut.', 10, '2022-02-14 22:27:13', '2022-02-14 22:27:13', NULL),
(113, 'Animi.', 'Impedit et assumenda dignissimos ullam dolor. Dolore eius perspiciatis sint ut sequi labore minus. Porro mollitia voluptatem quod non.', 3, '2022-02-14 22:27:13', '2022-02-14 22:27:13', NULL),
(114, 'Excepturi.', 'Possimus sint aut dolore et aliquid voluptatem iste. Quasi tenetur explicabo adipisci non aut velit excepturi. Ea optio earum provident ut. Illum quam iure facere id aperiam incidunt.', 8, '2022-02-14 22:27:13', '2022-02-14 22:27:13', NULL),
(115, 'Sed.', 'Accusamus cupiditate sequi placeat praesentium aliquam est. Maiores et animi nisi vero sit inventore dolore. Rem est tempora et consequatur.', 7, '2022-02-14 22:27:13', '2022-02-14 22:27:13', NULL),
(116, 'In qui.', 'In commodi ut praesentium dolorum. Repellat nesciunt tempore saepe voluptas ut. Eos et autem exercitationem quis omnis ratione.', 8, '2022-02-14 22:27:13', '2022-02-14 22:27:13', NULL),
(117, 'Harum.', 'Voluptatem illum consequuntur id quidem consequatur voluptatem. Fugit delectus impedit iure et ut dolore illo. Omnis fugiat dolores iure autem. Tempore facilis et voluptatem dolorem saepe error qui.', 9, '2022-02-14 22:27:13', '2022-02-14 22:27:13', NULL),
(118, 'Voluptas.', 'Quam incidunt sit praesentium quia nobis eos. Quia doloremque ea rerum. Molestiae aspernatur repudiandae consectetur ut culpa.', 1, '2022-02-14 22:27:13', '2022-02-14 22:27:13', NULL),
(119, 'Commodi.', 'Nobis enim unde qui omnis. Tempora architecto dicta voluptatem autem dignissimos consequatur. Molestiae facilis in magni dolorem saepe non et. Repellat placeat distinctio fugit sit assumenda.', 4, '2022-02-14 22:27:13', '2022-02-14 22:27:13', NULL),
(120, 'Aut qui.', 'Debitis dolorem omnis voluptatibus non suscipit. Temporibus aut nobis nisi iusto aut ut et illo. Est perferendis ex odit. Tenetur temporibus ut est consequuntur similique deleniti et.', 1, '2022-02-14 22:27:13', '2022-02-14 22:27:13', NULL);*/

/*INSERT INTO `author_book` (`id`, `author_id`, `book_id`, `created_at`, `updated_at`) VALUES
(1, 10, 1, NULL, NULL),
(2, 15, 1, NULL, NULL),
(3, 26, 2, NULL, NULL),
(4, 31, 2, NULL, NULL),
(5, 35, 2, NULL, NULL),
(6, 23, 3, NULL, NULL),
(7, 2, 4, NULL, NULL),
(8, 12, 4, NULL, NULL),
(9, 25, 4, NULL, NULL),
(10, 37, 5, NULL, NULL),
(11, 22, 6, NULL, NULL),
(12, 21, 7, NULL, NULL),
(13, 26, 8, NULL, NULL),
(14, 35, 9, NULL, NULL),
(15, 14, 10, NULL, NULL),
(16, 40, 10, NULL, NULL),
(17, 5, 11, NULL, NULL),
(18, 13, 11, NULL, NULL),
(19, 19, 12, NULL, NULL),
(20, 23, 12, NULL, NULL),
(21, 13, 13, NULL, NULL),
(22, 29, 13, NULL, NULL),
(23, 10, 14, NULL, NULL),
(24, 40, 14, NULL, NULL),
(25, 12, 15, NULL, NULL),
(26, 17, 15, NULL, NULL),
(27, 18, 15, NULL, NULL),
(28, 21, 16, NULL, NULL),
(29, 35, 17, NULL, NULL),
(30, 35, 18, NULL, NULL),
(31, 8, 19, NULL, NULL),
(32, 13, 19, NULL, NULL),
(33, 30, 19, NULL, NULL),
(34, 25, 20, NULL, NULL),
(35, 27, 20, NULL, NULL),
(36, 12, 21, NULL, NULL),
(37, 17, 22, NULL, NULL),
(38, 37, 22, NULL, NULL),
(39, 12, 23, NULL, NULL),
(40, 14, 23, NULL, NULL),
(41, 24, 23, NULL, NULL),
(42, 4, 24, NULL, NULL),
(43, 18, 24, NULL, NULL),
(44, 29, 24, NULL, NULL),
(45, 9, 25, NULL, NULL),
(46, 22, 26, NULL, NULL),
(47, 12, 27, NULL, NULL),
(48, 29, 28, NULL, NULL),
(49, 4, 29, NULL, NULL),
(50, 14, 29, NULL, NULL),
(51, 19, 30, NULL, NULL),
(52, 9, 31, NULL, NULL),
(53, 31, 31, NULL, NULL),
(54, 39, 31, NULL, NULL),
(55, 19, 32, NULL, NULL),
(56, 6, 33, NULL, NULL),
(57, 8, 33, NULL, NULL),
(58, 18, 33, NULL, NULL),
(59, 11, 34, NULL, NULL),
(60, 15, 34, NULL, NULL),
(61, 25, 34, NULL, NULL),
(62, 16, 35, NULL, NULL),
(63, 1, 36, NULL, NULL),
(64, 8, 36, NULL, NULL),
(65, 40, 36, NULL, NULL),
(66, 23, 37, NULL, NULL),
(67, 20, 38, NULL, NULL),
(68, 6, 39, NULL, NULL),
(69, 13, 39, NULL, NULL),
(70, 33, 39, NULL, NULL),
(71, 23, 40, NULL, NULL),
(72, 22, 41, NULL, NULL),
(73, 8, 42, NULL, NULL),
(74, 14, 42, NULL, NULL),
(75, 5, 43, NULL, NULL),
(76, 11, 44, NULL, NULL),
(77, 27, 44, NULL, NULL),
(78, 20, 45, NULL, NULL),
(79, 21, 45, NULL, NULL),
(80, 36, 45, NULL, NULL),
(81, 27, 46, NULL, NULL),
(82, 5, 47, NULL, NULL),
(83, 14, 48, NULL, NULL),
(84, 22, 48, NULL, NULL),
(85, 29, 48, NULL, NULL),
(86, 7, 49, NULL, NULL),
(87, 40, 49, NULL, NULL),
(88, 20, 50, NULL, NULL),
(89, 36, 50, NULL, NULL),
(90, 39, 50, NULL, NULL),
(91, 8, 51, NULL, NULL),
(92, 27, 51, NULL, NULL),
(93, 36, 51, NULL, NULL),
(94, 20, 52, NULL, NULL),
(95, 37, 53, NULL, NULL),
(96, 38, 53, NULL, NULL),
(97, 11, 54, NULL, NULL),
(98, 29, 54, NULL, NULL),
(99, 36, 54, NULL, NULL),
(100, 19, 55, NULL, NULL),
(101, 20, 55, NULL, NULL),
(102, 20, 56, NULL, NULL),
(103, 12, 57, NULL, NULL),
(104, 32, 57, NULL, NULL),
(105, 36, 57, NULL, NULL),
(106, 30, 58, NULL, NULL),
(107, 12, 59, NULL, NULL),
(108, 20, 59, NULL, NULL),
(109, 8, 60, NULL, NULL),
(110, 17, 60, NULL, NULL),
(111, 38, 60, NULL, NULL),
(112, 2, 61, NULL, NULL),
(113, 1, 62, NULL, NULL),
(114, 2, 63, NULL, NULL),
(115, 29, 63, NULL, NULL),
(116, 6, 64, NULL, NULL),
(117, 8, 64, NULL, NULL),
(118, 37, 65, NULL, NULL),
(119, 27, 66, NULL, NULL),
(120, 30, 66, NULL, NULL),
(121, 40, 66, NULL, NULL),
(122, 10, 67, NULL, NULL),
(123, 25, 68, NULL, NULL),
(124, 24, 69, NULL, NULL),
(125, 33, 70, NULL, NULL),
(126, 35, 71, NULL, NULL),
(127, 36, 71, NULL, NULL),
(128, 32, 72, NULL, NULL),
(129, 35, 72, NULL, NULL),
(130, 37, 72, NULL, NULL),
(131, 19, 73, NULL, NULL),
(132, 27, 73, NULL, NULL),
(133, 35, 73, NULL, NULL),
(134, 30, 74, NULL, NULL),
(135, 16, 75, NULL, NULL),
(136, 19, 75, NULL, NULL),
(137, 33, 75, NULL, NULL),
(138, 32, 76, NULL, NULL),
(139, 25, 77, NULL, NULL),
(140, 1, 78, NULL, NULL),
(141, 4, 78, NULL, NULL),
(142, 27, 79, NULL, NULL),
(143, 12, 80, NULL, NULL),
(144, 39, 80, NULL, NULL),
(145, 3, 81, NULL, NULL),
(146, 22, 81, NULL, NULL),
(147, 28, 82, NULL, NULL),
(148, 8, 83, NULL, NULL),
(149, 21, 83, NULL, NULL),
(150, 32, 83, NULL, NULL),
(151, 13, 84, NULL, NULL),
(152, 39, 84, NULL, NULL),
(153, 9, 85, NULL, NULL),
(154, 40, 85, NULL, NULL),
(155, 28, 86, NULL, NULL),
(156, 32, 86, NULL, NULL),
(157, 9, 87, NULL, NULL),
(158, 14, 87, NULL, NULL),
(159, 16, 88, NULL, NULL),
(160, 32, 88, NULL, NULL),
(161, 35, 88, NULL, NULL),
(162, 13, 89, NULL, NULL),
(163, 9, 90, NULL, NULL),
(164, 27, 90, NULL, NULL),
(165, 30, 90, NULL, NULL),
(166, 37, 91, NULL, NULL),
(167, 15, 92, NULL, NULL),
(168, 35, 92, NULL, NULL),
(169, 8, 93, NULL, NULL),
(170, 12, 93, NULL, NULL),
(171, 21, 93, NULL, NULL),
(172, 24, 94, NULL, NULL),
(173, 34, 94, NULL, NULL),
(174, 39, 94, NULL, NULL),
(175, 27, 95, NULL, NULL),
(176, 21, 96, NULL, NULL),
(177, 38, 96, NULL, NULL),
(178, 8, 97, NULL, NULL),
(179, 31, 98, NULL, NULL),
(180, 13, 99, NULL, NULL),
(181, 23, 100, NULL, NULL),
(182, 35, 100, NULL, NULL),
(183, 26, 101, NULL, NULL),
(184, 10, 102, NULL, NULL),
(185, 16, 102, NULL, NULL),
(186, 36, 102, NULL, NULL),
(187, 13, 103, NULL, NULL),
(188, 26, 103, NULL, NULL),
(189, 14, 104, NULL, NULL),
(190, 16, 104, NULL, NULL),
(191, 35, 104, NULL, NULL),
(192, 5, 105, NULL, NULL),
(193, 26, 105, NULL, NULL),
(194, 32, 106, NULL, NULL),
(195, 1, 107, NULL, NULL),
(196, 37, 107, NULL, NULL),
(197, 5, 108, NULL, NULL),
(198, 15, 108, NULL, NULL),
(199, 26, 108, NULL, NULL),
(200, 29, 109, NULL, NULL),
(201, 10, 110, NULL, NULL),
(202, 1, 111, NULL, NULL),
(203, 21, 112, NULL, NULL),
(204, 25, 112, NULL, NULL),
(205, 36, 112, NULL, NULL),
(206, 6, 113, NULL, NULL),
(207, 18, 113, NULL, NULL),
(208, 23, 113, NULL, NULL),
(209, 4, 114, NULL, NULL),
(210, 21, 114, NULL, NULL),
(211, 22, 115, NULL, NULL),
(212, 27, 115, NULL, NULL),
(213, 34, 115, NULL, NULL),
(214, 14, 116, NULL, NULL),
(215, 30, 116, NULL, NULL),
(216, 33, 116, NULL, NULL),
(217, 17, 117, NULL, NULL),
(218, 31, 117, NULL, NULL),
(219, 40, 117, NULL, NULL),
(220, 16, 118, NULL, NULL),
(221, 18, 118, NULL, NULL),
(222, 31, 118, NULL, NULL),
(223, 1, 119, NULL, NULL),
(224, 1, 120, NULL, NULL),
(225, 31, 120, NULL, NULL);*/

INSERT INTO `users` (`id`, `publisher_id`, `name`, `email`, `email_verified_at`, `password`, `remember_token`, `created_at`, `updated_at`) VALUES
(1, 1, 'Annalise Steuber', 'gerard.hegmann@example.net', '2022-02-14 22:27:12', '$2y$10$mnmBHqR..S2rhKs8/e06LO70D/.YjBg7ZU0d.vimZd9mO1WN93Ppm', 'I1FXZxp12B', '2022-02-14 22:27:13', '2022-02-14 22:27:13'),
(2, 2, 'Prof. Janie Berge', 'okautzer@example.net', '2022-02-14 22:27:12', '$2y$10$o8X.J85muMm7zX5nOsX9.uw/ly251Ln7EFEr1UK1ede9OCcYvf7pK', 'lTUyQnyvY8', '2022-02-14 22:27:13', '2022-02-14 22:27:13'),
(3, 3, 'Sandrine Kovacek PhD', 'emmy.romaguera@example.net', '2022-02-14 22:27:12', '$2y$10$aOrduU.MWzjG7jH8HA/3dO4SIydWddcf5nvl6vAFfbBwdWT7Qkefu', 'Lo5XsQaz78', '2022-02-14 22:27:13', '2022-02-14 22:27:13'),
(4, 4, 'Raquel Wisoky', 'mante.kenya@example.net', '2022-02-14 22:27:13', '$2y$10$M2JbsmelxRm8Swoi0DRteuDJR6IMJ46F7eXFa1gQLXpvhNq05ljzO', 'kTbxd47xZp', '2022-02-14 22:27:13', '2022-02-14 22:27:13'),
(5, 5, 'Miss Angeline Goldner Sr.', 'qboehm@example.net', '2022-02-14 22:27:13', '$2y$10$eUcDASWN69JwB/02Jp/Nqe0RCnrE24e8YlkGW3XR5OviGm3lTpbRC', 'NNshs0KkYQ', '2022-02-14 22:27:13', '2022-02-14 22:27:13'),
(6, 6, 'Dr. Marcel Toy MD', 'ardella07@example.com', '2022-02-14 22:27:13', '$2y$10$o/SWUEDG5ibLX7XuIVnMGuJSOAGeOJGIGS0YXSy4RjahYQtPh2PGy', 'pOagu4TX7j', '2022-02-14 22:27:13', '2022-02-14 22:27:13'),
(7, 7, 'Devin Gerhold DDS', 'eprosacco@example.com', '2022-02-14 22:27:13', '$2y$10$xbOwEtlKnn3TI.tA679SvuGHk2aImmsU8.QJqEEQFA3QT.YezRbGW', 'CUPJyYOuc4', '2022-02-14 22:27:13', '2022-02-14 22:27:13'),
(8, 8, 'Kennedi Hyatt', 'lou.littel@example.net', '2022-02-14 22:27:13', '$2y$10$gdQF4j9U4ezXQVdgsyZOYeD.R1cAhc/pa0ZJHD2jrOnwanljK4eiG', 'Y2kFmoRiOB', '2022-02-14 22:27:13', '2022-02-14 22:27:13'),
(9, 9, 'Trevion Morar', 'angie.bogisich@example.net', '2022-02-14 22:27:13', '$2y$10$XhgladjjysHF//WLUsce8OUNT0.UJYbAyH4vLGJbuk9ZXFpIe1dwi', 'm9qx4spYHH', '2022-02-14 22:27:13', '2022-02-14 22:27:13'),
(10, 10, 'Lottie Sipes', 'maxine56@example.org', '2022-02-14 22:27:13', '$2y$10$63FUSR.ixrpty2JBKPcYu.kg3zFxwiMTmiDhsoJl7laWa28zNePlW', 'DjJUjs4r1j', '2022-02-14 22:27:13', '2022-02-14 22:27:13');

